id,tier,year,journal,title,authors,volume,issue,page,doi,topic_hits,genre_hits,abstract
1,high,2016,BJHS,A pathology of progress? Locating the historiography of cancer,Agnes Arnold-Forster,49,4,627-634,10.1017/s0007087416001175,everyday life; popular culture,historiograph,"Despite its prominent position in today's medical research, popular culture and everyday life, cancer's history is relatively unwritten. Compared to the other great ‘plagues’ – cholera, tuberculosis or tropical fevers, to name but a scant handful – cancer has few dedicated pages in the general surveys, and its specialists have largely failed to convince the broader community of medical historians – or indeed historians of anything at all – that histories of the disease can tell us fundamental things about the science and practice of medicine, both past and present. Moreover, cancer has a remarkably stable profile over time, at least in terms of its definition, language and terminology – a detail that only makes the disease's absence from historical literature more surprising."
2,high,2008,History of Science,Essay Review: The History of the Indigenous: Inventing the Indigenous: Local Knowledge and Natural History in Early Modern Europe,Emma Spary,46,3,369-370,10.1177/007327530804600306,local knowledge,essay review; review,
3,high,2012,History of Science,"The Portuguese Popularizer of Science Teodoro De Almeida: Agendas, Publics, and Bilingualism",José Alberto Silva,50,1,93-122,10.1177/007327531205000104,popularizer,agenda,
4,high,2022,History of Science,"Introduction: Science popularization, dictatorships, and democracies",Clara Florensa; Agustí Nieto-Galan,60,3,329-347,10.1177/00732753221091029,popular science; popularization,historiography of; introduction; themed cluster,"The study of science popularization in dictatorships, such as Franco’s regime, offers a useful window through which to review definitions of controversial categories such as “popular science” and the “public sphere.” It also adds a new analytical perspective to the historiography of dictatorships and their totalitarian nature. Moreover, studying science popularization in these regimes provides new tools for a critical analysis of key contemporary concepts such as nationalism, internationalism, democracy, and technocracy."
5,high,2009,Isis,"Reflections on Popular Science in Britain: Genres, Categories, and Historians",Ralph O'Connor,100,2,333-345,10.1086/599549,popular science,reflections on; themed cluster,
6,high,2009,Isis,Popular Science in National and Transnational Perspective: Suggestions from the American Context,Katherine Pandora,100,2,346-358,10.1086/599548,popular science,suggestions from; themed cluster,
7,high,2009,Isis,Varieties of Popular Science and the Transformations of Public Knowledge: Some Historical Reflections,Andreas W. Daum,100,2,319-332,10.1086/599550,popular science; public knowledge,themed cluster; varieties of,
8,medium,2006,BJHS,The public worth of Mary Somerville,CLAIRE Brock,39,2,255-272,10.1017/s0007087405007612,periodical; popularizer,this article assesses,"This article assesses the reputation of Mary Somerville in the 1830s and suggests that critical confusion over her status in the changing world of early nineteenth-century science is not new. Drawing on Somerville’s own writings, contemporary newspaper and periodical reviews, political debates and unpublished manuscripts, Somerville's ‘uniqueness’ as a public figure is examined through the eyes of both the nascent scientific community of the time as well as the wider audience for her work. Somerville's status as a popularizer and an educator is more complicated than may have previously been assumed and can be both confirmed and undermined by an analysis of contemporary public opinion. Although her works were directed at the public who indirectly paid her pension for services to science, Somerville's private and published comments about and within her writings offer an alternative interpretation. Despite an apparent turn to more popular works in order to bolster her finances, Mary Somerville relished the specialist aspect of her writings and valued the difficulties which prevented the ordinary reader from obtaining ultimate insight into celestial mechanics."
9,medium,2016,BJHS,"Parasites, politics and public science: the promotion of biological control in Western Australia, 1900–1910",EDWARD DEVESON,49,2,231-258,10.1017/s0007087416000327,popularization; public science,historiography of,"Biological control of arthropods emerged as a scientific enterprise in the late nineteenth century and the orchard industry of California was an early centre of expertise. In 1900, as the Australian colonies prepared for federation, each had a government entomologist attached to its agriculture department. The hiring of George Compere from California by the Western Australian Department of Agriculture began a controversial chapter in the early history of biological control that was linked to a late, local popularization of acclimatization. Compere became known as the ‘travelling entomologist’ and for a decade brought ‘parasites’ of pest insects from overseas and released them in Perth. His antagonistic disciplinary rhetoric and inflated claims for the ‘parasite theory’ created conflict with his counterparts in the eastern states. The resulting inter-state entomological controversy was played out in the press, revealing the political use of science for institutional and even state identity. It is a story of transnational exchanges, chance discoveries and popular public science: popular because of the promise of a simple, natural solution to agricultural insect pests and because of the public nature of the disputes it generated between the experts. This microcosm contributes to the global historiography of acclimatization, biological control, scientific exposition and the professionalization of agricultural science."
10,medium,2019,BJHS,Editing entomology: natural-history periodicals and the shaping of scientific communities in nineteenth-century Britain,MATTHEW WALE,52,3,405-423,10.1017/s0007087419000050,periodical,recent scholarship,"This article addresses the issue of professionalization in the life sciences during the second half of the nineteenth century through a survey of British entomological periodicals. It is generally accepted that this period saw the rise of professional practitioners and the emergence of biology (as opposed to the older mode of natural history). However, recent scholarship has increasingly shown that this narrative elides the more complex processes at work in shaping scientific communities from the 1850s to the turn of the century. This article adds to such scholarship by examining the ways in which the editors of four entomological periodicals from across this time frame attempted to shape the communities of their readership, and in particular focuses upon the apparent divide between ‘mere collectors’ and ‘entomologists’ as expressed within these journals. Crucially, the article argues that non-professional practitioners were active in defining their own distinct identities and thereby claiming scientific authority. Alongside the periodicals, the article makes use of the correspondence archive of the entomologist and periodical editor Henry Tibbats Stainton (1822–1892), which has hitherto not been subject to sustained analysis by historians."
11,medium,2025,BJHS,Living in an intermedial world: intermediality as a methodology of historical inquiry to uncover the social dimension of science communication,Jean-Baptiste Gouyon,58,4,715-721,10.1017/s0007087425101106,science communication; science in the media,historiography of,"Audiences for science in the media live and operate, as agents who endow science with social and cultural meanings, in an intermedial world. Following cultural tracers through time and across media, and attending to a key actors’ category, intermediality, historians of the public culture of science can access the social dimension of the mediation of science. Adopting an intermedial approach allows us to attune the historiography of the public culture of science to the evolution of science communication scholarship over the past three decades, and understand the role of audiences in the production of cultural meanings about science."
12,medium,1994,History of Science,Separate Spheres and Public Places: Reflections on the History of Science Popularization and Science in Popular Culture,Roger Cooter; Stephen Pumfrey,32,3,237-267,10.1177/007327539403200301,popular culture; popularization; science in popular,reflections on,
13,medium,2014,History of Science,Oxford Serialized: Revisiting the Huxley–Wilberforce debate through the periodical press,Nanna Katrine Lüders Kaalund,52,4,429-453,10.1177/0073275314559330,periodical; science and print,revisit,"The debate between the Bishop of Oxford, Samuel Wilberforce, and the scientific naturalist, Thomas Huxley, at the 1860 meeting of the British Association for the Advancement of Science has come to represent an iconic moment in the history of the relationship between science and religion. This article uses the digitalized databases of nineteenth-century British periodicals to re-examine the reception of the Huxley–Wilberforce debate. By combining methods and insights from digital humanities with the vast literature on the Huxley–Wilberforce debate, and the secondary literature on science and print culture, I show that the narrative of Huxley’s victory over Wilberforce was not the prevalent story told in the press immediately after the event occurred. Rather, this study shows that there is still much to be learned from looking at the ways in which the press influenced nineteenth-century understandings of iconic moments in the history of science, even in cases that have been well examined, such as the Huxley–Wilberforce debate."
14,medium,2016,History of Science,When Urania meets Terpsichore: A Theatrical Turn for Astronomy Lectures in Early Nineteenth–Century Britain,Hsiang–Fu Huang,54,1,45-70,10.1177/0073275315624422,popular astronomy,turn,"This paper highlights the significance of popular astronomy lectures in British theatres during the first half of the nineteenth century. The popular astronomy lecturing trade inherited from Enlightenment natural philosophy discourses. A ‘theatrical turn’ developed in the late eighteenth century and became extensive by the 1820s. Lecturers moved astronomy displays into theatres and used theatrical facilities, which resulted in a distinct type of show blending scientific instruction with sensational amusement. Lent was especially high season for this business in a metropolitan entertainment market. Pre–eminent cases of private entrepreneurs in this trade included William Walker, Deane Franklin Walker, George Bartley, and C. H. Adams. By exploring astronomy lectures in theatres, this paper also shows the spatial influence of the site on the format and style of the performance: the benefits and constraints of a theatre made a theatrical astronomy lecture distinct from others at a formal institution."
15,medium,2020,History of Science,The uses of useful knowledge and the languages of vernacular science: Perspectives from southwest India,Eric Moses Gurevitch,59,3,256-286,10.1177/0073275320931976,everyday life; vernacular,perspectives from,"In the first half of the eleventh century, a group of scholars in southwest India did something new. They began composing systematic texts about everyday life in a register of language sometimes called New Kannada. While looking back toward earlier texts composed in Sanskrit – and even translating portions of them – these scholars centered their poetic ability and their personal experiences as opposed to prior authoritative texts. They described themselves as authoring “worldly sciences” that were “useful to the people of the world,” and they provided extensive reflections on the systematics of knowledge. Epistemic, linguistic, and political concerns were significantly renegotiated in this moment as local context was turned into a virtue for the production of technical treatises. This article uses this moment to interrogate recent discussions of useful knowledge and vernacular science. Usefulness can mean different things at different times and vernacular sciences change according to their language. This article argues for a usage of both terms that is more attuned to historical particulars. A history of useful knowledge from a place that now appears under the double effacement of the non-modern and non-West offers an opportunity to think through central concepts of the history of science without relying on economic or utilitarian discourses. This paper presents one possible example of what a more global history of useful knowledge might look like."
16,medium,2022,History of Science,Struggling for survival: The popularization of Darwinism and the elite’s fight for power in Franco’s Spain (1939–1967),Clara Florensa,60,3,348-382,10.1177/00732753221091032,popularization,themed cluster,"In the late 1940s in Spain, a group of young scholars, most of them newly appointed university lecturers, gained control of Arbor, the promotional journal of the Consejo Superior de Investigaciones Científicas (CSIC: The Spanish National Research Council), the institution that General Franco had founded after the Spanish Civil War (1936–9) to organize Spanish science. This group constituted the intellectual core of the more reactionary, Catholic traditionalist faction of Franco’s regime, and they coveted greater political power, in competition with other factions of the regime. Lacking the opportunity to launch an overt political campaign within a dictatorship, the group started a fight for the cultural conquest of Spain. In this cultural struggle for hegemony, journals, magazines, cultural associations, publishing houses, newspapers, and cultural centers became their weapons. By analyzing this faction’s views on and activities within the popularization of science, particularly regarding theories of evolution, this article argues that popular discourse on science played a critical role in the cultural struggle both as a “safe” channel in which to forward their claims and as a tool to gather popular attention through topics of general interest. A covert political campaign was conducted through the popularization of science and this, in turn, fueled the construction of a public sphere for science in a dictatorial context. Scientific popularization became a much-appreciated tool to achieve cultural hegemony and, as such, it also became a central element in constructing and legitimating the ideological foundations of Franco’s regime."
17,medium,2010,Isis,"Global Histories, Vernacular Science, and African Genealogies; or, Is the History of Science Ready for the World?",Helen Tilley,101,1,110-119,10.1086/652692,vernacular,ready for,
